,Member Institution,Conference,Division
0,Abilene Christian University,Southland Conference,1
1,Alabama A&M University,Southwestern Athletic Conf.,1
2,Alabama State University,Southwestern Athletic Conf.,1
3,Alcorn State University,Southwestern Athletic Conf.,1
4,American University,Patriot League,1
5,Appalachian State University,Sun Belt Conference,1
6,Arizona State University,Pac-12 Conference,1
7,Arkansas State University,Sun Belt Conference,1
8,Auburn University,Southeastern Conference,1
9,Austin Peay State University,Ohio Valley Conference,1
10,Ball State University,Mid-American Conference,1
11,Baylor University,Big 12 Conference,1
12,Belmont University,Ohio Valley Conference,1
13,Bethune-Cookman University,Mid-Eastern Athletic Conf.,1
14,Binghamton University,America East Conference,1
15,Boise State University,Mountain West Conference,1
16,Boston College,Atlantic Coast Conference,1
17,Boston University,Patriot League,1
18,Bowling Green State University,Mid-American Conference,1
19,Bradley University,Missouri Valley Conference,1
20,Brigham Young University,West Coast Conference,1
21,Brown University,The Ivy League,1
22,Bryant University,Northeast Conference,1
23,Bucknell University,Patriot League,1
24,Butler University,Big East Conference,1
25,California Baptist University,Western Athletic Conference,1
26,California Polytechnic State University,Big West Conference,1
27,"California State University, Bakersfield",Western Athletic Conference,1
28,"California State University, Fresno",Mountain West Conference,1
29,"California State University, Fullerton",Big West Conference,1
30,"California State University, Northridge",Big West Conference,1
31,"California State University, Sacramento",Big Sky Conference,1
32,Campbell University,Big South Conference,1
33,Canisius College,Metro Atlantic Athletic Conference,1
34,Central Connecticut State University,Northeast Conference,1
35,Central Michigan University,Mid-American Conference,1
36,Charleston Southern University,Big South Conference,1
37,Chicago State University,Western Athletic Conference,1
38,Clemson University,Atlantic Coast Conference,1
39,Cleveland State University,Horizon League,1
40,Coastal Carolina University,Sun Belt Conference,1
41,Colgate University,Patriot League,1
42,College of Charleston (South Carolina),Colonial Athletic Association,1
43,College of the Holy Cross,Patriot League,1
44,Colorado State University,Mountain West Conference,1
45,Columbia University-Barnard College,The Ivy League,1
46,Coppin State University,Mid-Eastern Athletic Conf.,1
47,Cornell University,The Ivy League,1
48,Creighton University,Big East Conference,1
49,Dartmouth College,The Ivy League,1
50,Davidson College,Atlantic 10 Conference,1
51,Delaware State University,Mid-Eastern Athletic Conf.,1
52,DePaul University,Big East Conference,1
53,Drake University,Missouri Valley Conference,1
54,Drexel University,Colonial Athletic Association,1
55,Duke University,Atlantic Coast Conference,1
56,Duquesne University,Atlantic 10 Conference,1
57,East Carolina University,American Athletic Conference,1
58,East Tennessee State University,Southern Conference,1
59,Eastern Illinois University,Ohio Valley Conference,1
60,Eastern Kentucky University,Ohio Valley Conference,1
61,Eastern Michigan University,Mid-American Conference,1
62,Eastern Washington University,Big Sky Conference,1
63,Elon University,Colonial Athletic Association,1
64,Fairfield University,Metro Atlantic Athletic Conference,1
65,"Fairleigh Dickinson University, Metropolitan Campus",Northeast Conference,1
66,Florida A&M University,Mid-Eastern Athletic Conf.,1
67,Florida Atlantic University,Conference USA,1
68,Florida Gulf Coast University,ASUN Conference,1
69,Florida International University,Conference USA,1
70,Florida State University,Atlantic Coast Conference,1
71,Fordham University,Atlantic 10 Conference,1
72,Furman University,Southern Conference,1
73,Gardner-Webb University,Big South Conference,1
74,George Mason University,Atlantic 10 Conference,1
75,George Washington University,Atlantic 10 Conference,1
76,Georgetown University,Big East Conference,1
77,Georgia Institute of Technology,Atlantic Coast Conference,1
78,Georgia Southern University,Southland Conference,1
79,Georgia State University,Sun Belt Conference,1
80,Gonzaga University,West Coast Conference,1
81,Grambling State University,Southwestern Athletic Conf.,1
82,Grand Canyon University,Western Athletic Conference,1
83,Hampton University,Big South Conference,1
84,Harvard University,The Ivy League,1
85,High Point University,Big South Conference,1
86,Hofstra University,Colonial Athletic Association,1
87,Houston Baptist University,Southland Conference,1
88,Howard University,Mid-Eastern Athletic Conf.,1
89,Idaho State University,Big Sky Conference,1
90,Illinois State University,Missouri Valley Conference,1
91,Indiana State University,Missouri Valley Conference,1
92,"Indiana University, Bloomington",Big Ten Conference,1
93,Indiana University-Purdue University Indianapolis,Horizon League,1
94,Iona College,Metro Atlantic Athletic Conference,1
95,Iowa State University,Big 12 Conference,1
96,Jackson State University,Southwestern Athletic Conf.,1
97,Jacksonville State University,Ohio Valley Conference,1
98,Jacksonville University,ASUN Conference,1
99,James Madison University,Colonial Athletic Association,1
100,Kansas State University,Big 12 Conference,1
101,Kennesaw State University,ASUN Conference,1
102,Kent State University,Mid-American Conference,1
103,La Salle University,Atlantic 10 Conference,1
104,Lafayette College,Patriot League,1
105,Lamar University,Southland Conference,1
106,Lehigh University,Patriot League,1
107,Liberty University,ASUN Conference,1
108,Lipscomb University,ASUN Conference,1
109,Long Beach State University,Big West Conference,1
110,Long Island University,Northeast Conference,1
111,Longwood University,Big South Conference,1
112,Louisiana State University,Southeastern Conference,1
113,Louisiana Tech University,Conference USA,1
114,Loyola Marymount University,West Coast Conference,1
115,Loyola University Chicago,Missouri Valley Conference,1
116,Loyola University Maryland,Patriot League,1
117,Manhattan College,Metro Atlantic Athletic Conference,1
118,Marist College,Metro Atlantic Athletic Conference,1
119,Marquette University,Big East Conference,1
120,Marshall University,Conference USA,1
121,McNeese State University,Southland Conference,1
122,Mercer University,Southern Conference,1
123,Merrimack College,Northeast Conference,1
124,Miami University (Ohio),Mid-American Conference,1
125,Michigan State University,Big Ten Conference,1
126,Middle Tennessee State University,Conference USA,1
127,Mississippi State University,Southeastern Conference,1
128,Mississippi Valley State University,Southwestern Athletic Conf.,1
129,Missouri State University,Missouri Valley Conference,1
130,Monmouth University,Metro Atlantic Athletic Conference,1
131,Montana State University-Bozeman,Big Sky Conference,1
132,Morehead State University,Ohio Valley Conference,1
133,Morgan State University,Mid-Eastern Athletic Conf.,1
134,Mount St. Mary's University,Northeast Conference,1
135,Murray State University,Ohio Valley Conference,1
136,New Jersey Institute of Technology,ASUN Conference,1
137,New Mexico State University,Western Athletic Conference,1
138,Niagara University,Metro Atlantic Athletic Conference,1
139,Nicholls State University,Southland Conference,1
140,Norfolk State University,Mid-Eastern Athletic Conf.,1
141,North Carolina A&T State University,Mid-Eastern Athletic Conf.,1
142,North Carolina Central University,Mid-Eastern Athletic Conf.,1
143,North Carolina State University,Atlantic Coast Conference,1
144,North Dakota State University,The Summit League,1
145,Northeastern University,Colonial Athletic Association,1
146,Northern Arizona University,Big Sky Conference,1
147,Northern Illinois University,Mid-American Conference,1
148,Northern Kentucky University,Horizon League,1
149,Northwestern State University,Southland Conference,1
150,Northwestern University,Big Ten Conference,1
151,Oakland University,Horizon League,1
152,Ohio University,Mid-American Conference,1
153,Oklahoma State University,Big 12 Conference,1
154,Old Dominion University,Conference USA,1
155,Oral Roberts University,The Summit League,1
156,Oregon State University,Pac-12 Conference,1
157,Pennsylvania State University,Big Ten Conference,1
158,Pepperdine University,West Coast Conference,1
159,Portland State University,Big Sky Conference,1
160,Prairie View A&M University,Southwestern Athletic Conf.,1
161,Presbyterian College,Big South Conference,1
162,Princeton University,The Ivy League,1
163,Providence College,Big East Conference,1
164,Purdue University,Big Ten Conference,1
165,Purdue University Fort Wayne,The Summit League,1
166,Quinnipiac University,Metro Atlantic Athletic Conference,1
167,Radford University,Big South Conference,1
168,Rice University,Conference USA,1
169,Rider University,Metro Atlantic Athletic Conference,1
170,Robert Morris University,Northeast Conference,1
171,"Rutgers, The State University of New Jersey, New Brunswick",Big Ten Conference,1
172,Sacred Heart University,Northeast Conference,1
173,Saint Francis University (Pennsylvania),Northeast Conference,1
174,Saint Joseph's University,Atlantic 10 Conference,1
175,Saint Louis University,Atlantic 10 Conference,1
176,Saint Mary's College of California,West Coast Conference,1
177,Saint Peter's University,Metro Atlantic Athletic Conference,1
178,Sam Houston State University,Southland Conference,1
179,Samford University,Southern Conference,1
180,San Diego State University,Mountain West Conference,1
181,San Jose State University,Mountain West Conference,1
182,Santa Clara University,West Coast Conference,1
183,Seattle University,Western Athletic Conference,1
184,Seton Hall University,Big East Conference,1
185,Siena College,Metro Atlantic Athletic Conference,1
186,South Carolina State University,Mid-Eastern Athletic Conf.,1
187,South Dakota State University,The Summit League,1
188,Southeast Missouri State University,Ohio Valley Conference,1
189,Southeastern Louisiana University,Southland Conference,1
190,Southern Illinois University at Carbondale,Missouri Valley Conference,1
191,Southern Illinois University Edwardsville,Ohio Valley Conference,1
192,Southern Methodist University,American Athletic Conference,1
193,"Southern University, Baton Rouge",Southwestern Athletic Conf.,1
194,Southern Utah University,Big Sky Conference,1
195,St. Bonaventure University,Atlantic 10 Conference,1
196,St. Francis College Brooklyn,Northeast Conference,1
197,St. John's University (New York),Big East Conference,1
198,Stanford University,Pac-12 Conference,1
199,Stephen F. Austin State University,Southland Conference,1
200,Stetson University,ASUN Conference,1
201,Stony Brook University,America East Conference,1
202,Syracuse University,Atlantic Coast Conference,1
203,Temple University,American Athletic Conference,1
204,Tennessee State University,Ohio Valley Conference,1
205,Tennessee Technological University,Ohio Valley Conference,1
206,"Texas A&M University, College Station",Southeastern Conference,1
207,Texas A&M University-Corpus Christi,Southland Conference,1
208,Texas Christian University,Big 12 Conference,1
209,Texas Southern University,Southwestern Athletic Conf.,1
210,Texas State University,Sun Belt Conference,1
211,Texas Tech University,Big 12 Conference,1
212,The Citadel,Southern Conference,1
213,The Ohio State University,Big Ten Conference,1
214,The University of North Carolina at Charlotte,Conference USA,1
215,The University of North Carolina at Greensboro,Southern Conference,1
216,The University of Southern Mississippi,Conference USA,1
217,The University of Texas Rio Grande Valley,Western Athletic Conference,1
218,The University of Tulsa,American Athletic Conference,1
219,Towson University,Colonial Athletic Association,1
220,Troy University,Sun Belt Conference,1
221,Tulane University,American Athletic Conference,1
222,U.S. Air Force Academy,Mountain West Conference,1
223,U.S. Military Academy,Patriot League,1
224,U.S. Naval Academy,Patriot League,1
225,University at Albany,America East Conference,1
226,"University at Buffalo, the State University of New York",Mid-American Conference,1
227,University of Akron,Mid-American Conference,1
228,University of Alabama,Southeastern Conference,1
229,University of Alabama at Birmingham,Conference USA,1
230,University of Arizona,Pac-12 Conference,1
231,University of Arkansas at Little Rock,Sun Belt Conference,1
232,"University of Arkansas, Fayetteville",Southeastern Conference,1
233,"University of Arkansas, Pine Bluff",Southwestern Athletic Conf.,1
234,"University of California, Berkeley",Pac-12 Conference,1
235,"University of California, Davis",Big West Conference,1
236,"University of California, Irvine",Big West Conference,1
237,"University of California, Los Angeles",Pac-12 Conference,1
238,"University of California, Riverside",Big West Conference,1
239,"University of California, Santa Barbara",Big West Conference,1
240,University of Central Arkansas,Southland Conference,1
241,University of Central Florida,American Athletic Conference,1
242,University of Cincinnati,American Athletic Conference,1
243,"University of Colorado, Boulder",Pac-12 Conference,1
244,University of Connecticut,American Athletic Conference,1
245,University of Dayton,Atlantic 10 Conference,1
246,University of Delaware,Colonial Athletic Association,1
247,University of Denver,The Summit League,1
248,University of Detroit Mercy,Horizon League,1
249,University of Evansville,Missouri Valley Conference,1
250,University of Florida,Southeastern Conference,1
251,University of Georgia,Southeastern Conference,1
252,University of Hartford,America East Conference,1
253,"University of Hawaii, Manoa",Big West Conference,1
254,University of Houston,American Athletic Conference,1
255,University of Idaho,Big Sky Conference,1
256,University of Illinois at Chicago,Horizon League,1
257,University of Illinois Urbana-Champaign,Big Ten Conference,1
258,University of Iowa,Big Ten Conference,1
259,University of Kansas,Big 12 Conference,1
260,University of Kentucky,Southeastern Conference,1
261,University of Louisiana at Lafayette,Sun Belt Conference,1
262,University of Louisiana Monroe,Sun Belt Conference,1
263,University of Louisville,Atlantic Coast Conference,1
264,University of Maine,America East Conference,1
265,University of Maryland Eastern Shore,Mid-Eastern Athletic Conf.,1
266,"University of Maryland, Baltimore County",America East Conference,1
267,"University of Maryland, College Park",Big Ten Conference,1
268,University of Massachusetts Lowell,America East Conference,1
269,"University of Massachusetts, Amherst",Atlantic 10 Conference,1
270,University of Memphis,American Athletic Conference,1
271,University of Miami (Florida),Atlantic Coast Conference,1
272,University of Michigan,Big Ten Conference,1
273,"University of Minnesota, Twin Cities",Big Ten Conference,1
274,University of Mississippi,Southeastern Conference,1
275,"University of Missouri, Columbia",Southeastern Conference,1
276,University of Missouri-Kansas City,Western Athletic Conference,1
277,University of Montana,Big Sky Conference,1
278,University of Nebraska Omaha,The Summit League,1
279,"University of Nebraska, Lincoln",Big Ten Conference,1
280,"University of Nevada, Las Vegas",Mountain West Conference,1
281,"University of Nevada, Reno",Mountain West Conference,1
282,University of New Hampshire,America East Conference,1
283,University of New Mexico,Mountain West Conference,1
284,University of New Orleans,Southland Conference,1
285,University of North Alabama,ASUN Conference,1
286,University of North Carolina Asheville,Big South Conference,1
287,University of North Carolina Wilmington,Colonial Athletic Association,1
288,"University of North Carolina, Chapel Hill",Atlantic Coast Conference,1
289,University of North Dakota,The Summit League,1
290,University of North Florida,ASUN Conference,1
291,University of North Texas,Conference USA,1
292,University of Northern Colorado,Big Sky Conference,1
293,University of Northern Iowa,Missouri Valley Conference,1
294,University of Notre Dame,Atlantic Coast Conference,1
295,University of Oklahoma,Big 12 Conference,1
296,University of Oregon,Pac-12 Conference,1
297,University of Pennsylvania,The Ivy League,1
298,University of Pittsburgh,Atlantic Coast Conference,1
299,University of Portland,West Coast Conference,1
300,University of Rhode Island,Atlantic 10 Conference,1
301,University of Richmond,Atlantic 10 Conference,1
302,University of San Diego,West Coast Conference,1
303,University of San Francisco,West Coast Conference,1
304,University of South Alabama,Sun Belt Conference,1
305,University of South Carolina Upstate,Big South Conference,1
306,"University of South Carolina, Columbia",Southeastern Conference,1
307,University of South Dakota,The Summit League,1
308,University of South Florida,American Athletic Conference,1
309,University of Southern California,Pac-12 Conference,1
310,University of Tennessee at Chattanooga,Southern Conference,1
311,University of Tennessee at Martin,Ohio Valley Conference,1
312,"University of Tennessee, Knoxville",Southeastern Conference,1
313,University of Texas at Arlington,Sun Belt Conference,1
314,University of Texas at Austin,Big 12 Conference,1
315,University of Texas at El Paso,Conference USA,1
316,University of Texas at San Antonio,Conference USA,1
317,University of the Incarnate Word,Southland Conference,1
318,University of the Pacific,West Coast Conference,1
319,University of Toledo,Mid-American Conference,1
320,University of Utah,Pac-12 Conference,1
321,University of Vermont,America East Conference,1
322,University of Virginia,Atlantic Coast Conference,1
323,University of Washington,Pac-12 Conference,1
324,University of Wisconsin-Green Bay,Horizon League,1
325,University of Wisconsin-Madison,Big Ten Conference,1
326,University of Wisconsin-Milwaukee,Horizon League,1
327,University of Wyoming,Mountain West Conference,1
328,Utah State University,Mountain West Conference,1
329,Utah Valley University,Western Athletic Conference,1
330,Valparaiso University,Missouri Valley Conference,1
331,Vanderbilt University,Southeastern Conference,1
332,Villanova University,Big East Conference,1
333,Virginia Commonwealth University,Atlantic 10 Conference,1
334,Virginia Military Institute,Southern Conference,1
335,Virginia Polytechnic Institute and State University,Atlantic Coast Conference,1
336,Wagner College,Northeast Conference,1
337,Wake Forest University,Atlantic Coast Conference,1
338,Washington State University,Pac-12 Conference,1
339,Weber State University,Big Sky Conference,1
340,West Virginia University,Big 12 Conference,1
341,Western Carolina University,Southern Conference,1
342,Western Illinois University,The Summit League,1
343,Western Kentucky University,Conference USA,1
344,Western Michigan University,Mid-American Conference,1
345,Wichita State University,American Athletic Conference,1
346,William & Mary,Colonial Athletic Association,1
347,Winthrop University,Big South Conference,1
348,Wofford College,Southern Conference,1
349,Wright State University,Horizon League,1
350,Xavier University,Big East Conference,1
351,Yale University,The Ivy League,1
352,Youngstown State University,Horizon League,1
353,Academy of Art University,Pacific West Conference,2
354,Adams State University,Rocky Mountain Athletic Conference,2
355,Adelphi University,Northeast-10 Conference,2
356,Albany State University (Georgia),Southern Intercol. Ath. Conf.,2
357,Alderson Broaddus University,Great Midwest Athletic Conference,2
358,American International College,Northeast-10 Conference,2
359,Anderson University (South Carolina),South Atlantic Conference,2
360,Angelo State University,Lone Star Conference,2
361,Arkansas Tech University,Great American Conference,2
362,Ashland University,Great Lakes Intercollegiate Athletic Conference,2
363,Assumption College,Northeast-10 Conference,2
364,Auburn University at Montgomery,Gulf South Conference,2
365,Augusta University,Peach Belt Conference,2
366,Augustana University (South Dakota),Northern Sun Intercollegiate Conference,2
367,Azusa Pacific University,Pacific West Conference,2
368,Barry University,Sunshine State Conference,2
369,Barton College,Conference Carolinas,2
370,Bellarmine University,Great Lakes Valley Conference,2
371,Belmont Abbey College,Conference Carolinas,2
372,Bemidji State University,Northern Sun Intercollegiate Conference,2
373,Benedict College,Southern Intercol. Ath. Conf.,2
374,Bentley University,Northeast-10 Conference,2
375,Biola University,Pacific West Conference,2
376,Black Hills State University,Rocky Mountain Athletic Conference,2
377,Bloomfield College,Central Atlantic Collegiate Conference,2
378,Bloomsburg University of Pennsylvania,Pennsylvania State Athletic Conference,2
379,Bluefield State College,Independent,2
380,Bowie State University,Central Intercollegiate Athletic Association,2
381,Brevard College,Central Atlantic Collegiate Conference,2
382,Caldwell University,California Collegiate Athletic Association,2
383,"California State Polytechnic University, Pomona",California Collegiate Athletic Association,2
384,"California State University, Chico",California Collegiate Athletic Association,2
385,"California State University, Dominguez Hills",California Collegiate Athletic Association,2
386,"California State University, East Bay",California Collegiate Athletic Association,2
387,"California State University, Los Angeles",California Collegiate Athletic Association,2
388,"California State University, Monterey Bay",California Collegiate Athletic Association,2
389,"California State University, San Bernardino",California Collegiate Athletic Association,2
390,"California State University, San Marcos",California Collegiate Athletic Association,2
391,"California State University, Stanislaus",Pennsylvania State Athletic Conference,2
392,California University of Pennsylvania,Lone Star Conference,2
393,Cameron University,South Atlantic Conference,2
394,Carson-Newman University,South Atlantic Conference,2
395,Catawba College,Great Midwest Athletic Conference,2
396,Cedarville University,Southern Intercol. Ath. Conf.,2
397,Central State University,Great Northwest Athletic Conference,2
398,Central Washington University,Rocky Mountain Athletic Conference,2
399,Chadron State College,Pacific West Conference,2
400,Chaminade University,Central Atlantic Collegiate Conference,2
401,Chestnut Hill College,Conference Carolinas,2
402,Chowan University,Gulf South Conference,2
403,Christian Brothers University,Central Intercollegiate Athletic Association,2
404,Claflin University,Pennsylvania State Athletic Conference,2
405,Clarion University of Pennsylvania,Southern Intercol. Ath. Conf.,2
406,Clark Atlanta University,Peach Belt Conference,2
407,Clayton State University,South Atlantic Conference,2
408,Coker University,City University of New York Athletic Conference,2
409,Colorado Christian University,Rocky Mountain Athletic Conference,2
410,Colorado Mesa University,Rocky Mountain Athletic Conference,2
411,Colorado School of Mines,Rocky Mountain Athletic Conference,2
412,Colorado State University-Pueblo,Rocky Mountain Athletic Conference,2
413,Columbus State University,Peach Belt Conference,2
414,Concord University,Mountain East Conference,2
415,Concordia College (New York),Central Atlantic Collegiate Conference,2
416,Concordia University Irvine,Pacific West Conference,2
417,"Concordia University, St. Paul",Northern Sun Intercollegiate Conference,2
418,Converse College,Conference Carolinas,2
419,Daemen College,East Coast Conference,2
420,Dallas Baptist University,Lone Star Conference,2
421,Davenport University,Great Lakes Intercollegiate Athletic Conference,2
422,Davis & Elkins College,Mountain East Conference,2
423,Delta State University,Gulf South Conference,2
424,Dixie State University,Rocky Mountain Athletic Conference,2
425,Dominican College (New York),Central Atlantic Collegiate Conference,2
426,Dominican University of California,Pacific West Conference,2
427,Drury University,Great Lakes Valley Conference,2
428,East Central University,Great American Conference,2
429,East Stroudsburg University of Pennsylvania,Pennsylvania State Athletic Conference,2
430,Eastern New Mexico University,Lone Star Conference,2
431,Eckerd College,Sunshine State Conference,2
432,Edinboro University of Pennsylvania,Pennsylvania State Athletic Conference,2
433,Elizabeth City State University,Central Intercollegiate Athletic Association,2
434,Embry-Riddle Aeronautical University (Florida),Sunshine State Conference,2
435,Emmanuel College (Georgia),Conference Carolinas,2
436,Emporia State University,Mid-America Intercollegiate Athletics Association,2
437,Erskine College,Conference Carolinas,2
438,Fairmont State University,Mountain East Conference,2
439,Fayetteville State University,Central Intercollegiate Athletic Association,2
440,Felician University,Central Atlantic Collegiate Conference,2
441,Ferris State University,Great Lakes Intercollegiate Athletic Conference,2
442,Flagler College,Peach Belt Conference,2
443,Florida Institute of Technology,Sunshine State Conference,2
444,Florida Southern College,Sunshine State Conference,2
445,Fort Hays State University,Mid-America Intercollegiate Athletics Association,2
446,Fort Lewis College,Rocky Mountain Athletic Conference,2
447,Fort Valley State University,Southern Intercol. Ath. Conf.,2
448,Francis Marion University,Peach Belt Conference,2
449,Franklin Pierce University,Northeast-10 Conference,2
450,Fresno Pacific University,Pacific West Conference,2
451,Frostburg State University,Mountain East Conference,2
452,Gannon University,Pennsylvania State Athletic Conference,2
453,Georgia College,Peach Belt Conference,2
454,Georgia Southwestern State University,Peach Belt Conference,2
455,Georgian Court University,Central Atlantic Collegiate Conference,2
456,Glenville State College,Mountain East Conference,2
457,Goldey-Beacom College,Central Atlantic Collegiate Conference,2
458,Grand Valley State University,Great Lakes Intercollegiate Athletic Conference,2
459,Harding University,Great American Conference,2
460,Hawaii Pacific University,Pacific West Conference,2
461,Henderson State University,Great American Conference,2
462,Hillsdale College,Great Midwest Athletic Conference,2
463,Holy Family University,Central Atlantic Collegiate Conference,2
464,Holy Names University,Pacific West Conference,2
465,Humboldt State University,California Collegiate Athletic Association,2
466,Indiana University of Pennsylvania,Pennsylvania State Athletic Conference,2
467,Johnson C. Smith University,Central Intercollegiate Athletic Association,2
468,Kentucky State University,Southern Intercol. Ath. Conf.,2
469,Kentucky Wesleyan College,Great Midwest Athletic Conference,2
470,King University,Conference Carolinas,2
471,Kutztown University of Pennsylvania,Pennsylvania State Athletic Conference,2
472,Lake Erie College,Great Midwest Athletic Conference,2
473,Lake Superior State University,Great Lakes Intercollegiate Athletic Conference,2
474,Lander University,Peach Belt Conference,2
475,Lane College,Southern Intercol. Ath. Conf.,2
476,Le Moyne College,Northeast-10 Conference,2
477,Lee University,Gulf South Conference,2
478,Lees-McRae College,Conference Carolinas,2
479,LeMoyne-Owen College,Southern Intercol. Ath. Conf.,2
480,Lenoir-Rhyne University,South Atlantic Conference,2
481,Lewis University,Great Lakes Valley Conference,2
482,Limestone College,Conference Carolinas,2
483,Lincoln Memorial University,South Atlantic Conference,2
484,Lincoln University (Missouri),Mid-America Intercollegiate Athletics Association,2
485,Lincoln University (Pennsylvania),Central Intercollegiate Athletic Association,2
486,Lindenwood University,Great Lakes Valley Conference,2
487,Livingstone College,Central Intercollegiate Athletic Association,2
488,Lock Haven University of Pennsylvania,Pennsylvania State Athletic Conference,2
489,Lubbock Christian University,Lone Star Conference,2
490,Lynn University,Sunshine State Conference,2
491,Malone University,Great Midwest Athletic Conference,2
492,Mansfield University of Pennsylvania,Pennsylvania State Athletic Conference,2
493,Mars Hill University,South Atlantic Conference,2
494,Maryville University of Saint Louis,Great Lakes Valley Conference,2
495,McKendree University,Great Lakes Valley Conference,2
496,Mercy College,East Coast Conference,2
497,Mercyhurst University,Pennsylvania State Athletic Conference,2
498,Metropolitan State University of Denver,Rocky Mountain Athletic Conference,2
499,Michigan Technological University,Great Lakes Intercollegiate Athletic Conference,2
500,Midwestern State University,Lone Star Conference,2
501,Miles College,Southern Intercol. Ath. Conf.,2
502,Millersville University of Pennsylvania,Pennsylvania State Athletic Conference,2
503,Minnesota State University Moorhead,Northern Sun Intercollegiate Conference,2
504,"Minnesota State University, Mankato",Northern Sun Intercollegiate Conference,2
505,Minot State University,Northern Sun Intercollegiate Conference,2
506,Mississippi College,Gulf South Conference,2
507,Missouri Southern State University,Mid-America Intercollegiate Athletics Association,2
508,Missouri University of Science and Technology,Great Lakes Valley Conference,2
509,Missouri Western State University,Mid-America Intercollegiate Athletics Association,2
510,Molloy College,East Coast Conference,2
511,Montana State University Billings,Great Northwest Athletic Conference,2
512,Morehouse College,Southern Intercol. Ath. Conf.,2
513,New Mexico Highlands University,Rocky Mountain Athletic Conference,2
514,New York Institute of Technology,East Coast Conference,2
515,Newberry College,South Atlantic Conference,2
516,Newman University,Mid-America Intercollegiate Athletics Association,2
517,North Greenville University,Conference Carolinas,2
518,Northeastern State University,Mid-America Intercollegiate Athletics Association,2
519,Northern Michigan University,Great Lakes Intercollegiate Athletic Conference,2
520,Northern State University,Northern Sun Intercollegiate Conference,2
521,Northwest Missouri State University,Mid-America Intercollegiate Athletics Association,2
522,Northwest Nazarene University,Great Northwest Athletic Conference,2
523,Northwestern Oklahoma State University,Great American Conference,2
524,Northwood University,Great Lakes Intercollegiate Athletic Conference,2
525,Notre Dame College (Ohio),Mountain East Conference,2
526,Nova Southeastern University,Sunshine State Conference,2
527,Nyack College,Central Atlantic Collegiate Conference,2
528,Oakland City University,Independent,2
529,Ohio Dominican University,Great Midwest Athletic Conference,2
530,Ohio Valley University,Great Midwest Athletic Conference,2
531,Oklahoma Baptist University,Great American Conference,2
532,Oklahoma Christian University,Lone Star Conference,2
533,Ouachita Baptist University,Great American Conference,2
534,Pace University,Northeast-10 Conference,2
535,Paine College,Southern Intercol. Ath. Conf.,2
536,Palm Beach Atlantic University,Sunshine State Conference,2
537,Pittsburg State University,Mid-America Intercollegiate Athletics Association,2
538,Point Loma Nazarene University,Pacific West Conference,2
539,Post University,Central Atlantic Collegiate Conference,2
540,Purdue University Northwest,Great Lakes Intercollegiate Athletic Conference,2
541,Queens College (New York),East Coast Conference,2
542,Queens University of Charlotte,South Atlantic Conference,2
543,Quincy University,Great Lakes Valley Conference,2
544,Regis University (Colorado),Rocky Mountain Athletic Conference,2
545,Roberts Wesleyan College,East Coast Conference,2
546,Rockhurst University,Great Lakes Valley Conference,2
547,Rogers State University,Mid-America Intercollegiate Athletics Association,2
548,Rollins College,Sunshine State Conference,2
549,Saginaw Valley State University,Great Lakes Intercollegiate Athletic Conference,2
550,Saint Anselm College,Northeast-10 Conference,2
551,Saint Augustine's University,Central Intercollegiate Athletic Association,2
552,Saint Leo University,Sunshine State Conference,2
553,Saint Martin's University,Great Northwest Athletic Conference,2
554,Saint Michael's College,Northeast-10 Conference,2
555,Salem University (West Virginia),Independent,2
556,San Francisco State University,California Collegiate Athletic Association,2
557,Savannah State University,Southern Intercol. Ath. Conf.,2
558,Seattle Pacific University,Great Northwest Athletic Conference,2
559,Seton Hill University,Pennsylvania State Athletic Conference,2
560,Shaw University,Central Intercollegiate Athletic Association,2
561,Shepherd University,Pennsylvania State Athletic Conference,2
562,Shippensburg University of Pennsylvania,Pennsylvania State Athletic Conference,2
563,Shorter University,Gulf South Conference,2
564,Simon Fraser University,Great Northwest Athletic Conference,2
565,Slippery Rock University of Pennsylvania,Pennsylvania State Athletic Conference,2
566,Sonoma State University,California Collegiate Athletic Association,2
567,South Dakota School of Mines & Technology,Rocky Mountain Athletic Conference,2
568,Southeastern Oklahoma State University,Great American Conference,2
569,Southern Arkansas University,Great American Conference,2
570,Southern Connecticut State University,Northeast-10 Conference,2
571,Southern Nazarene University,Great American Conference,2
572,Southern New Hampshire University,Northeast-10 Conference,2
573,Southern Wesleyan University,Conference Carolinas,2
574,Southwest Baptist University,Great Lakes Valley Conference,2
575,Southwest Minnesota State University,Northern Sun Intercollegiate Conference,2
576,Southwestern Oklahoma State University,Great American Conference,2
577,Spring Hill College,Southern Intercol. Ath. Conf.,2
578,St. Cloud State University,Northern Sun Intercollegiate Conference,2
579,St. Edward's University,Lone Star Conference,2
580,St. Mary's University (Texas),Lone Star Conference,2
581,St. Thomas Aquinas College,East Coast Conference,2
582,Stonehill College,Northeast-10 Conference,2
583,Tarleton State University,Lone Star Conference,2
584,Texas A&M International University,Lone Star Conference,2
585,Texas A&M University-Commerce,Lone Star Conference,2
586,Texas A&M University-Kingsville,Lone Star Conference,2
587,Texas Woman's University,Lone Star Conference,2
588,The College of Saint Rose,Northeast-10 Conference,2
589,The University of Texas at Tyler,Lone Star Conference,2
590,The University of Virginia's College at Wise,South Atlantic Conference,2
591,Thomas Jefferson University,Central Atlantic Collegiate Conference,2
592,Tiffin University,Great Midwest Athletic Conference,2
593,Trevecca Nazarene University,Great Midwest Athletic Conference,2
594,Truman State University,Great Lakes Valley Conference,2
595,Tusculum University,South Atlantic Conference,2
596,Tuskegee University,Southern Intercol. Ath. Conf.,2
597,Union University,Gulf South Conference,2
598,University of Alabama in Huntsville,Gulf South Conference,2
599,University of Alaska Anchorage,Great Northwest Athletic Conference,2
600,University of Alaska Fairbanks,Great Northwest Athletic Conference,2
601,"University of Arkansas, Fort Smith",Lone Star Conference,2
602,"University of Arkansas, Monticello",Great American Conference,2
603,University of Bridgeport,East Coast Conference,2
604,"University of California, San Diego",California Collegiate Athletic Association,2
605,University of Central Missouri,Mid-America Intercollegiate Athletics Association,2
606,University of Central Oklahoma,Mid-America Intercollegiate Athletics Association,2
607,University of Charleston (West Virginia),Mountain East Conference,2
608,"University of Colorado, Colorado Springs",Rocky Mountain Athletic Conference,2
609,University of Findlay,Great Midwest Athletic Conference,2
610,University of Hawaii at Hilo,Pacific West Conference,2
611,University of Illinois at Springfield,Great Lakes Valley Conference,2
612,University of Indianapolis,Great Lakes Valley Conference,2
613,University of Mary,Northern Sun Intercollegiate Conference,2
614,University of Minnesota Duluth,Northern Sun Intercollegiate Conference,2
615,"University of Minnesota, Crookston",Northern Sun Intercollegiate Conference,2
616,University of Missouri-St. Louis,Great Lakes Valley Conference,2
617,University of Montevallo,Gulf South Conference,2
618,University of Mount Olive,Conference Carolinas,2
619,University of Nebraska at Kearney,Mid-America Intercollegiate Athletics Association,2
620,University of New Haven,Northeast-10 Conference,2
621,University of North Carolina at Pembroke,Peach Belt Conference,2
622,University of North Georgia,Peach Belt Conference,2
623,"University of Pittsburgh, Johnstown",Pennsylvania State Athletic Conference,2
624,"University of Puerto Rico, Bayamon",Independent,2
625,"University of Puerto Rico, Mayaguez",Independent,2
626,"University of Puerto Rico, Rio Piedras",Independent,2
627,University of Sioux Falls,Northern Sun Intercollegiate Conference,2
628,University of South Carolina Aiken,Peach Belt Conference,2
629,University of Southern Indiana,Great Lakes Valley Conference,2
630,University of Tampa,Sunshine State Conference,2
631,University of Texas of the Permian Basin,Lone Star Conference,2
632,University of the District of Columbia,East Coast Conference,2
633,University of the Sciences,Central Atlantic Collegiate Conference,2
634,University of West Alabama,Gulf South Conference,2
635,University of West Florida,Gulf South Conference,2
636,University of West Georgia,Gulf South Conference,2
637,University of Wisconsin-Parkside,Great Lakes Intercollegiate Athletic Conference,2
638,Upper Iowa University,Northern Sun Intercollegiate Conference,2
639,Urbana University,Mountain East Conference,2
640,Ursuline College,Great Midwest Athletic Conference,2
641,Valdosta State University,Gulf South Conference,2
642,Virginia State University,Central Intercollegiate Athletic Association,2
643,Virginia Union University,Central Intercollegiate Athletic Association,2
644,Walsh University,Great Midwest Athletic Conference,2
645,Washburn University of Topeka,Mid-America Intercollegiate Athletics Association,2
646,Wayne State College (Nebraska),Northern Sun Intercollegiate Conference,2
647,Wayne State University (Michigan),Great Lakes Intercollegiate Athletic Conference,2
648,West Chester University of Pennsylvania,Pennsylvania State Athletic Conference,2
649,West Liberty University,Mountain East Conference,2
650,West Texas A&M University,Lone Star Conference,2
651,West Virginia State University,Mountain East Conference,2
652,West Virginia Wesleyan College,Mountain East Conference,2
653,Western Colorado University,Rocky Mountain Athletic Conference,2
654,Western New Mexico University,Lone Star Conference,2
655,Western Oregon University,Great Northwest Athletic Conference,2
656,Western Washington University,Great Northwest Athletic Conference,2
657,Westminster College (Utah),Rocky Mountain Athletic Conference,2
658,Wheeling University,Mountain East Conference,2
659,William Jewell College,Great Lakes Valley Conference,2
660,Wilmington University (Delaware),Central Atlantic Collegiate Conference,2
661,Wingate University,South Atlantic Conference,2
662,Winona State University,Northern Sun Intercollegiate Conference,2
663,Winston-Salem State University,Central Intercollegiate Athletic Association,2
664,Young Harris College,Peach Belt Conference,2
665,Adrian College,Michigan Intercol. Ath. Assn.,3
666,Agnes Scott College,USA South Athletic Conference,3
667,Albertus Magnus College,Great Northeast Athletic Conference,3
668,Albion College,Michigan Intercol. Ath. Assn.,3
669,Albright College,Middle Atlantic Conferences,3
670,Alfred State College,Allegheny Mountain Collegiate Conference,3
671,Alfred University,Empire 8,3
672,Allegheny College,North Coast Athletic Conference,3
673,Alma College,Michigan Intercol. Ath. Assn.,3
674,Alvernia University,Middle Atlantic Conferences,3
675,Alverno College,Northern Athletics Collegiate Conference,3
676,Amherst College,New England Small College Athletic Conference,3
677,Anderson University (Indiana),Heartland Collegiate Athletic Conference,3
678,Anna Maria College,Great Northeast Athletic Conference,3
679,Arcadia University,Middle Atlantic Conferences,3
680,Augsburg University,Minnesota Intercollegiate Athletic Conference,3
681,Augustana College (Illinois),College Conference of Illinois & Wisconsin,3
682,Aurora University,Northern Athletics Collegiate Conference,3
683,Austin College,Southern Collegiate Athletic Conference,3
684,Averett University,USA South Athletic Conference,3
685,Babson College,New England Women's and Men's Athletic Conference,3
686,Baldwin Wallace University,Ohio Athletic Conference,3
687,Bard College,Liberty League,3
688,Baruch College,City University of New York Athletic Conference,3
689,Bates College,New England Small College Athletic Conference,3
690,Bay Path University,New England Collegiate Conference,3
691,Becker College,New England Collegiate Conference,3
692,Belhaven University,American Southwest Conference,3
693,Beloit College,Midwest Conference,3
694,Benedictine University (Illinois),Northern Athletics Collegiate Conference,3
695,Berea College,USA South Athletic Conference,3
696,Berry College,Southern Athletic Association,3
697,Bethany College (West Virginia),Presidents' Athletic Conference,3
698,Bethany Lutheran College,Upper Midwest Athletic Conference,3
699,Bethel University (Minnesota),Minnesota Intercollegiate Athletic Conference,3
700,Birmingham-Southern College,Southern Athletic Association,3
701,Blackburn College,St. Louis Intercollegiate Athletic Conference,3
702,Bluffton University,Heartland Collegiate Athletic Conference,3
703,Bowdoin College,New England Small College Athletic Conference,3
704,Brandeis University,University Athletic Association,3
705,Brevard College,USA South Athletic Conference,3
706,Bridgewater College (Virginia),Old Dominion Athletic Conf.,3
707,Bridgewater State University,Massachusetts State Collegiate Athletic Conference,3
708,Brooklyn College,City University of New York Athletic Conference,3
709,Bryn Athyn College,Colonial States Athletic Conference,3
710,Bryn Mawr College,Centennial Conference,3
711,Buena Vista University,American Rivers Conference,3
712,"Buffalo State, State University of New York",State University of New York Athletic Conference,3
713,Cabrini University,Atlantic East Conference,3
714,Cairn University,Colonial States Athletic Conference,3
715,California Institute of Technology,Southern California Intercollegiate Athletic Conf.,3
716,California Lutheran University,Southern California Intercollegiate Athletic Conf.,3
717,Calvin University,Michigan Intercol. Ath. Assn.,3
718,Capital University,Ohio Athletic Conference,3
719,Carleton College,Minnesota Intercollegiate Athletic Conference,3
720,Carnegie Mellon University,University Athletic Association,3
721,Carroll University (Wisconsin),College Conference of Illinois & Wisconsin,3
722,Carthage College,College Conference of Illinois & Wisconsin,3
723,Case Western Reserve University,University Athletic Association,3
724,Castleton University,Little East Conference,3
725,Catholic University,Landmark Conference,3
726,Cazenovia College,North Eastern Athletic Conference,3
727,Cedar Crest College,Colonial States Athletic Conference,3
728,Centenary College (Louisiana),Southern Collegiate Athletic Conference,3
729,Centenary University (New Jersey),Colonial States Athletic Conference,3
730,Central College (Iowa),American Rivers Conference,3
731,Centre College,Southern Athletic Association,3
732,Chapman University,Southern California Intercollegiate Athletic Conf.,3
733,Chatham University,Presidents' Athletic Conference,3
734,Christopher Newport University,Capital Athletic Conference Inc.,3
735,Claremont McKenna-Harvey Mudd-Scripps Colleges,Southern California Intercollegiate Athletic Conf.,3
736,Clark University (Massachusetts),New England Women's and Men's Athletic Conference,3
737,Clarks Summit University,Colonial States Athletic Conference,3
738,Clarkson University,Liberty League,3
739,Coe College,American Rivers Conference,3
740,Colby College,New England Small College Athletic Conference,3
741,Colby-Sawyer College,Great Northeast Athletic Conference,3
742,"College at Brockport, State University of New York",State University of New York Athletic Conference,3
743,College of Mount Saint Vincent,Skyline Conference,3
744,College of Saint Benedict,Minnesota Intercollegiate Athletic Conference,3
745,College of Saint Elizabeth,Colonial States Athletic Conference,3
746,Colorado College,Southern Collegiate Athletic Conference,3
747,"Concordia College, Moorhead",Minnesota Intercollegiate Athletic Conference,3
748,Concordia University Chicago,Northern Athletics Collegiate Conference,3
749,Concordia University Texas,American Southwest Conference,3
750,Concordia University Wisconsin,Northern Athletics Collegiate Conference,3
751,Connecticut College,New England Small College Athletic Conference,3
752,Cornell College,Midwest Conference,3
753,Covenant College,USA South Athletic Conference,3
754,Crown College (Minnesota),Upper Midwest Athletic Conference,3
755,Curry College,Commonwealth Coast Conference,3
756,Dean College,New England Collegiate Conference,3
757,Defiance College,Heartland Collegiate Athletic Conference,3
758,Delaware Valley University,Middle Atlantic Conferences,3
759,Denison University,North Coast Athletic Conference,3
760,DePauw University,North Coast Athletic Conference,3
761,DeSales University,Middle Atlantic Conferences,3
762,Dickinson College,Centennial Conference,3
763,Dominican University (Illinois),Northern Athletics Collegiate Conference,3
764,Drew University,Landmark Conference,3
765,D'Youville College,Allegheny Mountain Collegiate Conference,3
766,Earlham College,Heartland Collegiate Athletic Conference,3
767,East Texas Baptist University,American Southwest Conference,3
768,Eastern Connecticut State University,Little East Conference,3
769,Eastern Mennonite University,Old Dominion Athletic Conf.,3
770,Eastern Nazarene College,New England Collegiate Conference,3
771,Eastern University,Middle Atlantic Conferences,3
772,Edgewood College,Northern Athletics Collegiate Conference,3
773,Elizabethtown College,Landmark Conference,3
774,Elmhurst College,College Conference of Illinois & Wisconsin,3
775,Elmira College,Empire 8,3
776,Elms College,New England Collegiate Conference,3
777,Emerson College,New England Women's and Men's Athletic Conference,3
778,Emmanuel College (Massachusetts),Great Northeast Athletic Conference,3
779,Emory & Henry College,Old Dominion Athletic Conf.,3
780,Emory and Henry College,Old Dominion Athletic Conf.,3
781,Emory University,University Athletic Association,3
782,Endicott College,Commonwealth Coast Conference,3
783,Eureka College,St. Louis Intercollegiate Athletic Conference,3
784,"Fairleigh Dickinson University, Florham",Middle Atlantic Conferences,3
785,Farmingdale State College,Skyline Conference,3
786,Ferrum College,Old Dominion Athletic Conf.,3
787,Finlandia University,American Collegiate Athletic Association,3
788,Fitchburg State University,Massachusetts State Collegiate Athletic Conference,3
789,Fontbonne University,St. Louis Intercollegiate Athletic Conference,3
790,Framingham State University,Massachusetts State Collegiate Athletic Conference,3
791,Franciscan University of Steubenville,Allegheny Mountain Collegiate Conference,3
792,Franklin & Marshall College,Centennial Conference,3
793,Franklin College,Heartland Collegiate Athletic Conference,3
794,Gallaudet University,North Eastern Athletic Conference,3
795,Geneva College,Presidents' Athletic Conference,3
796,George Fox University,Northwest Conference,3
797,Gettysburg College,Centennial Conference,3
798,Gordon College,Commonwealth Coast Conference,3
799,Goucher College,Landmark Conference,3
800,Greensboro College,,3
801,Greenville University,St. Louis Intercollegiate Athletic Conference,3
802,Grinnell College,Midwest Conference,3
803,Grove City College,Presidents' Athletic Conference,3
804,Guilford College,Old Dominion Athletic Conf.,3
805,Gustavus Adolphus College,Minnesota Intercollegiate Athletic Conference,3
806,Gwynedd Mercy University,Atlantic East Conference,3
807,Hamilton College,New England Small College Athletic Conference,3
808,Hamline University,Minnesota Intercollegiate Athletic Conference,3
809,Hampden-Sydney College,Old Dominion Athletic Conf.,3
810,Hanover College,Heartland Collegiate Athletic Conference,3
811,Hardin-Simmons University,American Southwest Conference,3
812,Hartwick College,Empire 8,3
813,Haverford College,Centennial Conference,3
814,Heidelberg University,Ohio Athletic Conference,3
815,Hendrix College,Southern Athletic Association,3
816,Hilbert College,Allegheny Mountain Collegiate Conference,3
817,Hiram College,North Coast Athletic Conference,3
818,Hobart and William Smith Colleges,Liberty League,3
819,Hollins University,Old Dominion Athletic Conf.,3
820,Hood College,Middle Atlantic Conferences,3
821,Hope College,Michigan Intercol. Ath. Assn.,3
822,Houghton College,Empire 8,3
823,Howard Payne University,American Southwest Conference,3
824,Hunter College,City University of New York Athletic Conference,3
825,Huntingdon College,USA South Athletic Conference,3
826,Husson University,North Atlantic Conference,3
827,Illinois College,Midwest Conference,3
828,Illinois Institute of Technology,Northern Athletics Collegiate Conference,3
829,Illinois Wesleyan University,College Conference of Illinois & Wisconsin,3
830,Immaculata University,Atlantic East Conference,3
831,Iowa Wesleyan University,St. Louis Intercollegiate Athletic Conference,3
832,Ithaca College,Liberty League,3
833,John Carroll University,Ohio Athletic Conference,3
834,John Jay College of Criminal Justice,City University of New York Athletic Conference,3
835,Johns Hopkins University,Centennial Conference,3
836,Johnson & Wales University (Denver),Southern Collegiate Athletic Conference,3
837,Johnson & Wales University (Providence),Great Northeast Athletic Conference,3
838,Juniata College,Landmark Conference,3
839,Kalamazoo College,Michigan Intercol. Ath. Assn.,3
840,Kean University,New Jersey Athletic Conference,3
841,Keene State College,Little East Conference,3
842,Kenyon College,North Coast Athletic Conference,3
843,Keuka College,North Eastern Athletic Conference,3
844,Keystone College,Colonial States Athletic Conference,3
845,King's College (Pennsylvania),Middle Atlantic Conferences,3
846,Knox College,Midwest Conference,3
847,La Roche University,Allegheny Mountain Collegiate Conference,3
848,LaGrange College,USA South Athletic Conference,3
849,Lake Forest College,Midwest Conference,3
850,Lakeland University,Northern Athletics Collegiate Conference,3
851,Lancaster Bible College,North Eastern Athletic Conference,3
852,Lasell University,Great Northeast Athletic Conference,3
853,Lawrence University,Midwest Conference,3
854,Lebanon Valley College,Middle Atlantic Conferences,3
855,Lehman College,City University of New York Athletic Conference,3
856,Lesley University,New England Collegiate Conference,3
857,LeTourneau University,American Southwest Conference,3
858,Lewis & Clark College,Northwest Conference,3
859,Linfield College,Northwest Conference,3
860,Loras College,American Rivers Conference,3
861,Louisiana College,American Southwest Conference,3
862,Luther College,American Rivers Conference,3
863,Lycoming College,Middle Atlantic Conferences,3
864,Macalester College,Minnesota Intercollegiate Athletic Conference,3
865,Maine Maritime Academy,North Atlantic Conference,3
866,Manchester University,Heartland Collegiate Athletic Conference,3
867,Manhattanville College,Skyline Conference,3
868,Maranatha Baptist University,Independent,3
869,Marian University (Wisconsin),Northern Athletics Collegiate Conference,3
870,Marietta College,Ohio Athletic Conference,3
871,Martin Luther College,Upper Midwest Athletic Conference,3
872,Mary Baldwin University,USA South Athletic Conference,3
873,Marymount University (Virginia),Atlantic East Conference,3
874,Maryville College (Tennessee),USA South Athletic Conference,3
875,Marywood University,Atlantic East Conference,3
876,Massachusetts College of Liberal Arts,Massachusetts State Collegiate Athletic Conference,3
877,Massachusetts Institute of Technology,New England Women's and Men's Athletic Conference,3
878,Massachusetts Maritime Academy,Massachusetts State Collegiate Athletic Conference,3
879,McDaniel College,Centennial Conference,3
880,McMurry University,American Southwest Conference,3
881,Medaille College,Allegheny Mountain Collegiate Conference,3
882,Medgar Evers College,City University of New York Athletic Conference,3
883,Meredith College,USA South Athletic Conference,3
884,Messiah College,Middle Atlantic Conferences,3
885,Methodist University,USA South Athletic Conference,3
886,Middlebury College,New England Small College Athletic Conference,3
887,Millikin University,College Conference of Illinois & Wisconsin,3
888,Mills College,American Collegiate Athletic Association,3
889,Millsaps College,Southern Athletic Association,3
890,Milwaukee School of Engineering,Northern Athletics Collegiate Conference,3
891,Misericordia University,Middle Atlantic Conferences,3
892,Mississippi University for Women,Independent,3
893,Mitchell College,New England Collegiate Conference,3
894,Monmouth College (Illinois),Midwest Conference,3
895,Montclair State University,New Jersey Athletic Conference,3
896,Moravian College,Landmark Conference,3
897,Morrisville State College,North Eastern Athletic Conference,3
898,Mount Aloysius College,Allegheny Mountain Collegiate Conference,3
899,Mount Holyoke College,New England Women's and Men's Athletic Conference,3
900,Mount Mary University,American Collegiate Athletic Association,3
901,Mount Saint Mary College (New York),Skyline Conference,3
902,Mount St. Joseph University,Heartland Collegiate Athletic Conference,3
903,Muhlenberg College,Centennial Conference,3
904,Muskingum University,Ohio Athletic Conference,3
905,Nazareth College,Empire 8,3
906,Nebraska Wesleyan University,American Rivers Conference,3
907,Neumann University,Atlantic East Conference,3
908,New England College,New England Collegiate Conference,3
909,New Jersey City University,New Jersey Athletic Conference,3
910,New York University,University Athletic Association,3
911,Nichols College,Commonwealth Coast Conference,3
912,North Carolina Wesleyan College,USA South Athletic Conference,3
913,North Central College,College Conference of Illinois & Wisconsin,3
914,North Central University,Upper Midwest Athletic Conference,3
915,North Park University,College Conference of Illinois & Wisconsin,3
916,Northern Vermont University-Johnson,North Atlantic Conference,3
917,Northern Vermont University-Lyndon,North Atlantic Conference,3
918,Northland College,Upper Midwest Athletic Conference,3
919,Norwich University,Great Northeast Athletic Conference,3
920,Notre Dame of Maryland University,Colonial States Athletic Conference,3
921,Oberlin College,North Coast Athletic Conference,3
922,Occidental College,Southern California Intercollegiate Athletic Conf.,3
923,Oglethorpe University,Southern Athletic Association,3
924,Ohio Northern University,Ohio Athletic Conference,3
925,Ohio Wesleyan University,North Coast Athletic Conference,3
926,Olivet College,Michigan Intercol. Ath. Assn.,3
927,Otterbein University,Ohio Athletic Conference,3
928,Pacific Lutheran University,Northwest Conference,3
929,Pacific University (Oregon),Northwest Conference,3
930,Penn State Berks College,North Eastern Athletic Conference,3
931,Penn State Harrisburg,North Eastern Athletic Conference,3
932,"Penn State University, Abington",North Eastern Athletic Conference,3
933,"Penn State University, Altoona",Allegheny Mountain Collegiate Conference,3
934,Pennsylvania College of Technology,North Eastern Athletic Conference,3
935,"Pennsylvania State Univ. Erie, the Behrend College",Allegheny Mountain Collegiate Conference,3
936,Pfeiffer University,USA South Athletic Conference,3
937,Piedmont College,USA South Athletic Conference,3
938,Pine Manor College,American Collegiate Athletic Association,3
939,Plattsburgh State University of New York,State University of New York Athletic Conference,3
940,Plymouth State University,Little East Conference,3
941,Pomona-Pitzer Colleges,Southern California Intercollegiate Athletic Conf.,3
942,Pratt Institute,American Collegiate Athletic Association,3
943,Principia College,St. Louis Intercollegiate Athletic Conference,3
944,"Purchase College, State University of New York",Skyline Conference,3
945,Ramapo College,New Jersey Athletic Conference,3
946,Randolph College,Old Dominion Athletic Conf.,3
947,Randolph-Macon College,Old Dominion Athletic Conf.,3
948,Regis College (Massachusetts),Great Northeast Athletic Conference,3
949,Rensselaer Polytechnic Institute,Liberty League,3
950,Rhode Island College,Little East Conference,3
951,Rhodes College,Southern Athletic Association,3
952,Ripon College,Midwest Conference,3
953,Rivier University,Great Northeast Athletic Conference,3
954,Roanoke College,Old Dominion Athletic Conf.,3
955,Rochester Institute of Technology,Liberty League,3
956,Rockford University,Northern Athletics Collegiate Conference,3
957,Roger Williams University,Commonwealth Coast Conference,3
958,Rose-Hulman Institute of Technology,Heartland Collegiate Athletic Conference,3
959,Rosemont College,Colonial States Athletic Conference,3
960,Rowan University,New Jersey Athletic Conference,3
961,"Rutgers, The State Univ. of New Jersey, Camden",New Jersey Athletic Conference,3
962,"Rutgers, The State Univ. of New Jersey, Newark",New Jersey Athletic Conference,3
963,Saint John's University (Minnesota),Minnesota Intercollegiate Athletic Conference,3
964,Saint Joseph's College (Maine),Great Northeast Athletic Conference,3
965,Saint Mary's College (Indiana),Michigan Intercol. Ath. Assn.,3
966,Saint Mary's University of Minnesota,Minnesota Intercollegiate Athletic Conference,3
967,Saint Vincent College,Presidents' Athletic Conference,3
968,Salem College (North Carolina),USA South Athletic Conference,3
969,Salem State University,Massachusetts State Collegiate Athletic Conference,3
970,Salisbury University,Capital Athletic Conference Inc.,3
971,Salve Regina University,Commonwealth Coast Conference,3
972,Sarah Lawrence College,Skyline Conference,3
973,Schreiner University,Southern Collegiate Athletic Conference,3
974,Shenandoah University,Old Dominion Athletic Conf.,3
975,Simmons University,Great Northeast Athletic Conference,3
976,Simpson College,American Rivers Conference,3
977,Skidmore College,Liberty League,3
978,Smith College,New England Women's and Men's Athletic Conference,3
979,Southern Virginia University,Capital Athletic Conference Inc.,3
980,Southwestern University (Texas),Southern Collegiate Athletic Conference,3
981,Spalding University,St. Louis Intercollegiate Athletic Conference,3
982,Springfield College,New England Women's and Men's Athletic Conference,3
983,St. Catherine University,Minnesota Intercollegiate Athletic Conference,3
984,St. John Fisher College,Empire 8,3
985,St. Joseph's College (Brooklyn),Skyline Conference,3
986,St. Joseph's College (Long Island),Skyline Conference,3
987,St. Lawrence University,Liberty League,3
988,St. Mary's College of Maryland,Capital Athletic Conference Inc.,3
989,St. Norbert College,Midwest Conference,3
990,St. Olaf College,Minnesota Intercollegiate Athletic Conference,3
991,State University College at Old Westbury,Skyline Conference,3
992,State University of New York at Canton,North Atlantic Conference,3
993,State University of New York at Cobleskill,North Eastern Athletic Conference,3
994,State University of New York at Cortland,State University of New York Athletic Conference,3
995,State University of New York at Delhi,North Atlantic Conference,3
996,State University of New York at Geneseo,State University of New York Athletic Conference,3
997,State University of New York at New Paltz,State University of New York Athletic Conference,3
998,State University of New York at Oneonta,State University of New York Athletic Conference,3
999,State University of New York at Oswego,State University of New York Athletic Conference,3
1000,State University of New York at Potsdam,State University of New York Athletic Conference,3
1001,State University of New York Maritime College,Skyline Conference,3
1002,State University of New York Polytechnic Institute,North Eastern Athletic Conference,3
1003,Stevens Institute of Technology,Middle Atlantic Conferences,3
1004,Stevenson University,Middle Atlantic Conferences,3
1005,Stockton University,New Jersey Athletic Conference,3
1006,Suffolk University,Great Northeast Athletic Conference,3
1007,Sul Ross State University,American Southwest Conference,3
1008,Susquehanna University,Landmark Conference,3
1009,Swarthmore College,Centennial Conference,3
1010,Sweet Briar College,Old Dominion Athletic Conf.,3
1011,Texas Lutheran University,Southern Collegiate Athletic Conference,3
1012,The City College of New York,City University of New York Athletic Conference,3
1013,The College of New Jersey,New Jersey Athletic Conference,3
1014,The College of St. Scholastica,Upper Midwest Athletic Conference,3
1015,The College of Wooster,North Coast Athletic Conference,3
1016,The Sage Colleges,Empire 8,3
1017,The State University of New York at Fredonia,State University of New York Athletic Conference,3
1018,Thiel College,Presidents' Athletic Conference,3
1019,Thomas College,North Atlantic Conference,3
1020,Transylvania University,Heartland Collegiate Athletic Conference,3
1021,Trine University,Michigan Intercol. Ath. Assn.,3
1022,Trinity College (Connecticut),New England Small College Athletic Conference,3
1023,Trinity University (Texas),Southern Collegiate Athletic Conference,3
1024,Trinity Washington University,Independent,3
1025,Tufts University,New England Small College Athletic Conference,3
1026,U.S. Coast Guard Academy,New England Women's and Men's Athletic Conference,3
1027,U.S. Merchant Marine Academy,Skyline Conference,3
1028,Union College (New York),Liberty League,3
1029,"University of California, Santa Cruz",American Collegiate Athletic Association,3
1030,University of Chicago,University Athletic Association,3
1031,University of Dallas,Southern Collegiate Athletic Conference,3
1032,University of Dubuque,American Rivers Conference,3
1033,University of La Verne,Southern California Intercollegiate Athletic Conf.,3
1034,University of Lynchburg,Old Dominion Athletic Conf.,3
1035,University of Maine at Presque Isle,North Atlantic Conference,3
1036,"University of Maine, Farmington",North Atlantic Conference,3
1037,University of Mary Hardin-Baylor,American Southwest Conference,3
1038,University of Mary Washington,Capital Athletic Conference Inc.,3
1039,University of Massachusetts Boston,Little East Conference,3
1040,"University of Massachusetts, Dartmouth",Little East Conference,3
1041,"University of Minnesota, Morris",Upper Midwest Athletic Conference,3
1042,University of Mount Union,Ohio Athletic Conference,3
1043,University of New England,Commonwealth Coast Conference,3
1044,University of Northwestern-St. Paul,Upper Midwest Athletic Conference,3
1045,"University of Pittsburgh, Bradford",Allegheny Mountain Collegiate Conference,3
1046,"University of Pittsburgh, Greensburg",Allegheny Mountain Collegiate Conference,3
1047,University of Puget Sound,Northwest Conference,3
1048,University of Redlands,Southern California Intercollegiate Athletic Conf.,3
1049,University of Rochester,University Athletic Association,3
1050,University of Scranton,Landmark Conference,3
1051,University of Southern Maine,Little East Conference,3
1052,University of St. Joseph (Connecticut),Great Northeast Athletic Conference,3
1053,University of St. Thomas (Minnesota),Minnesota Intercollegiate Athletic Conference,3
1054,University of St. Thomas (Texas),Southern Collegiate Athletic Conference,3
1055,University of Texas at Dallas,American Southwest Conference,3
1056,University of the Ozarks (Arkansas),American Southwest Conference,3
1057,University of the South,Southern Athletic Association,3
1058,University of Valley Forge,American Collegiate Athletic Association,3
1059,University of Wisconsin-Eau Claire,Wisconsin Intercollegiate Athletic Conference,3
1060,University of Wisconsin-La Crosse,Wisconsin Intercollegiate Athletic Conference,3
1061,University of Wisconsin-Oshkosh,Wisconsin Intercollegiate Athletic Conference,3
1062,University of Wisconsin-Platteville,Wisconsin Intercollegiate Athletic Conference,3
1063,University of Wisconsin-River Falls,Wisconsin Intercollegiate Athletic Conference,3
1064,University of Wisconsin-Stevens Point,Wisconsin Intercollegiate Athletic Conference,3
1065,University of Wisconsin-Stout,Wisconsin Intercollegiate Athletic Conference,3
1066,University of Wisconsin-Superior,Upper Midwest Athletic Conference,3
1067,University of Wisconsin-Whitewater,Wisconsin Intercollegiate Athletic Conference,3
1068,Ursinus College,Centennial Conference,3
1069,Utica College,Empire 8,3
1070,Vassar College,Liberty League,3
1071,Virginia Wesleyan University,Old Dominion Athletic Conf.,3
1072,Wabash College,North Coast Athletic Conference,3
1073,Wartburg College,American Rivers Conference,3
1074,Washington and Jefferson College,Presidents' Athletic Conference,3
1075,Washington and Lee University,Old Dominion Athletic Conf.,3
1076,Washington College (Maryland),Centennial Conference,3
1077,Washington University in St. Louis,University Athletic Association,3
1078,Waynesburg University,Presidents' Athletic Conference,3
1079,Webster University,St. Louis Intercollegiate Athletic Conference,3
1080,Wellesley College,New England Women's and Men's Athletic Conference,3
1081,Wells College,North Eastern Athletic Conference,3
1082,Wentworth Institute of Technology,Commonwealth Coast Conference,3
1083,Wesley College,Atlantic East Conference,3
1084,Wesleyan College (Georgia),USA South Athletic Conference,3
1085,Wesleyan University (Connecticut),New England Small College Athletic Conference,3
1086,Western Connecticut State University,Little East Conference,3
1087,Western New England University,Commonwealth Coast Conference,3
1088,Westfield State University,Massachusetts State Collegiate Athletic Conference,3
1089,Westminster College (Missouri),St. Louis Intercollegiate Athletic Conference,3
1090,Westminster College (Pennsylvania),Presidents' Athletic Conference,3
1091,Wheaton College (Illinois),College Conference of Illinois & Wisconsin,3
1092,Wheaton College (Massachusetts),New England Women's and Men's Athletic Conference,3
1093,Whitman College,Northwest Conference,3
1094,Whittier College,Southern California Intercollegiate Athletic Conf.,3
1095,Whitworth University,Northwest Conference,3
1096,Widener University,Middle Atlantic Conferences,3
1097,Wilkes University,Middle Atlantic Conferences,3
1098,Willamette University,Northwest Conference,3
1099,William Paterson University of New Jersey,New Jersey Athletic Conference,3
1100,William Peace University,USA South Athletic Conference,3
1101,Williams College,New England Small College Athletic Conference,3
1102,Wilmington College (Ohio),Ohio Athletic Conference,3
1103,Wilson College,Colonial States Athletic Conference,3
1104,Wisconsin Lutheran College,Northern Athletics Collegiate Conference,3
1105,Wittenberg University,North Coast Athletic Conference,3
1106,Worcester Polytechnic Institute,New England Women's and Men's Athletic Conference,3
1107,Worcester State University,Massachusetts State Collegiate Athletic Conference,3
1108,Yeshiva University,Skyline Conference,3
1109,York College (New York),City University of New York Athletic Conference,3
1110,York College (Pennsylvania),Capital Athletic Conference Inc.,3
